CRICKET,SPORT
SCORE,SPORT
MATCH,SPORT
INNING,SPORT
PLAYER,SPORT
PLAYED,SPORT
WON,SPORT
FOOTBALL,SPORT
COURSE,EDUCATION & TRAINING
TRAINING,EDUCATION & TRAINING
LEARN,EDUCATION & TRAINING
CERTIFICATION,EDUCATION & TRAINING
DURATION,EDUCATION & TRAINING
FEES,EDUCATION & TRAINING
ELIGIBILIRY,EDUCATION & TRAINING
PREREQUISITE,EDUCATION & TRAINING
CRITERIA,EDUCATION & TRAINING
SKILL,EDUCATION & TRAINING
QUESTION,EDUCATION & TRAINING
ANSWER,EDUCATION & TRAINING
SYLLABUS,EDUCATION & TRAINING
HOTEL,TRAVEL
DESTINATION,TRAVEL
CHECK,TRAVEL
TRAVEL,TRAVEL
DEPART,TRAVEL
RETURN,TRAVEL
FLIGHT,TRAVEL
BUS,TRAVEL
DOMESTIC,TRAVEL
INTERNATIONAL,TRAVEL
SHOPPING,ECOMMERCE
SHIPPING,ECOMMERCE
PRICE,ECOMMERCE
COST,ECOMMERCE
SHOES,ECOMMERCE
TV,ECOMMERCE
APPLIANCE,ECOMMERCE
ELECTRONIC,ECOMMERCE
MOBILE,ECOMMERCE
TABLET,ECOMMERCE
FASHION,ECOMMERCE
ORDER,ECOMMERCE
DEAL,ECOMMERCE
SALE,ECOMMERCE
OFFER,ECOMMERCE
HINDU,RELIGION
JAIN,RELIGION
BUDDH,RELIGION
SPIRITUAL,RELIGION
ISM,RELIGION
UPANISHAD,RELIGION
VEDA,RELIGION
GURU,RELIGION
MOVIE,ENTERTAINMENT
SHOWTIME,ENTERTAINMENT
EVENT,ENTERTAINMENT
PARTY,POLITICS
AGENDA,POLITICS
CONGRESS,POLITICS
POLICY,POLITICS
DRUG,HEALTH & FITNESS
HEALTH,HEALTH & FITNESS
SYMPTOM,HEALTH & FITNESS
DISEASE,HEALTH & FITNESS
CALORIE,HEALTH & FITNESS
DIET,HEALTH & FITNESS
RESTAURANT,FOOD
CAFE,FOOD
PUB,FOOD
BAR,FOOD
BREAKFAST,FOOD
LUNCH,FOOD
DINNER,FOOD
DRINK,FOOD
DESSERT,FOOD
BAKE,FOOD
DISH,FOOD
DELIVERY,FOOD